ID,Heli_FID,Shore_FID,Shore_X,Shore_Y,Frame_Reference,Fringe_condition_Dead,Fringe_condition_Dieback,Fringe_condition_Fallen,Fringe_condition_Gap,Fringe_condition_Potential_Fringe_Retreat,Fringe_process_Recent_expansion,Fringe_process_Depositional,Fringe_process_Eroded,Fringe_process_Gaps,Fringe_process_Dead/Dieback,Removal_Hostorical_Removal,Removal_Regrowth
0,1,886,142.222631,-9.230078,2,,,,,,,,,,,1,
1,5,888,142.222202,-9.229399,6,,,,,,,,,,,1,
2,8,0,142.221436,-9.229468,9,,,,,,,,,,,1,
3,12,1,142.22099,-9.22953,13,,,,,,,,,,,1,
4,14,2,142.220632,-9.22964,15,,,,,,,,,,,1,
5,16,3,142.220187,-9.229732,17,,,,,,,,,,,1,
6,17,4,142.219741,-9.229824,18,,,,,,,,,,,1,
7,19,5,142.219299,-9.229928,21,,,,,,,,,,,1,
8,20,6,142.218876,-9.230095,22,,,,,,,,,,,1,
9,23,7,142.218453,-9.230262,25,,,,,,,,,,,1,
10,25,8,142.218048,-9.230465,27,,,,,,,,,,,1,
11,27,9,142.217649,-9.230683,29,,,,,,,,,,,1,
12,28,10,142.217251,-9.230902,30,,,,,,,,,,,1,
13,29,11,142.216852,-9.23112,31,,,,,,,,,,,1,
14,30,13,142.216013,-9.230791,34,,,,,,,1,,,,1,1
15,32,14,142.215564,-9.230756,36,,,,,,,1,,,,1,1
16,33,15,142.215109,-9.23075,38,,,,,,,1,,2,,1,1
17,34,16,142.214654,-9.230744,39,,,,,,,1,,2,,1,1
18,35,17,142.214204,-9.230795,40,,,,,,,1,,2,,1,1
19,36,18,142.21376,-9.230892,44,,,,,,,1,,1,,1,1
20,38,19,142.21335,-9.231082,46,,,,,,,1,,,,1,1
21,39,20,142.21291,-9.231151,47,,,,,,,1,,,,1,1
22,42,22,142.212006,-9.231044,50,,,,,,,1,,,,1,1
23,43,23,142.211553,-9.231008,52,,,,,,,1,,,,1,1
24,44,25,142.210649,-9.231111,55,,,,1,,,1,,,,1,1
25,46,26,142.210236,-9.231278,58,,,,,,,1,,,,1,1
26,47,27,142.209845,-9.231509,60,,,,,,,1,,2,3,1,1
27,48,28,142.209449,-9.231732,61,1,,,,,,1,,2,3,,
28,50,29,142.209052,-9.231953,64,,,,,,,1,,2,3,,
29,52,30,142.208654,-9.232174,66,,,,,,,1,,1,,,
30,54,31,142.208278,-9.232425,68,1,,,,,,1,,1,,,
31,55,32,142.207924,-9.232709,69,,,,,,,1,,2,1,,
32,56,33,142.20757,-9.232994,72,,1,,,,,1,,1,,,
33,57,36,142.206335,-9.233567,77,,,,,,,1,,1,1,,
34,58,38,142.205476,-9.233866,80,,,,,,,1,,1,1,,
35,60,39,142.205047,-9.234016,82,,,,,,,1,,1,,,
36,61,40,142.20462,-9.234172,84,,,,,,,1,,2,,,
37,63,41,142.204197,-9.234339,86,,,,,,,1,,1,,,
38,64,42,142.203933,-9.234013,87,,1,,,,,1,,1,1,,
39,65,43,142.203686,-9.233633,88,,,,,,,1,,2,1,,
40,66,46,142.202422,-9.233911,92,,1,,,,,1,,1,1,,
41,68,47,142.202018,-9.234118,94,,,,,,,1,,1,1,,
42,70,49,142.201249,-9.234591,97,,,,,,,1,,1,1,,
43,72,50,142.200841,-9.234792,99,,1,,,,,1,,2,1,,
44,73,51,142.200438,-9.234693,100,,1,,,,,1,,1,,,
45,74,52,142.200071,-9.23464,101,,,,,,,1,,2,1,,
46,75,55,142.199423,-9.235639,104,,1,,,,,1,,2,2,,
47,76,56,142.198975,-9.235718,105,,,,,,,1,,2,2,,
48,78,57,142.198526,-9.235791,107,,,,,,,1,,2,1,,
49,79,58,142.198072,-9.23581,108,,,,,,,1,,2,2,,
50,81,59,142.197617,-9.23583,110,,,,,,,1,,2,2,,
51,82,60,142.197162,-9.235849,111,,1,,,,,1,,2,2,,
52,84,61,142.196709,-9.235882,113,,1,,,,,1,,2,2,,
53,85,62,142.196257,-9.235929,114,,,,,,,1,,2,2,,
54,86,63,142.195825,-9.236071,115,,,,,,,1,,2,1,,
55,88,64,142.195391,-9.236207,117,,,,,,,1,,1,1,,
56,89,65,142.194951,-9.23632,118,,1,,,,,1,,1,1,,
57,91,66,142.1945,-9.236266,120,,1,,,,,1,,2,2,,
58,92,67,142.194048,-9.236212,121,,,,,,,1,,2,2,,
59,94,68,142.193595,-9.236187,123,,,,,,,1,,2,3,,
60,96,69,142.193141,-9.236213,125,,1,,,,,1,,2,3,,
61,98,70,142.192687,-9.236243,127,,,,,,,1,,2,3,,
62,101,71,142.192251,-9.236372,131,,,,,,,1,,2,3,,
63,102,72,142.191835,-9.23653,134,,,,,,,1,,2,3,,
64,104,73,142.191558,-9.236889,136,,,,,,,,,2,1,,
65,108,74,142.191344,-9.237285,140,,,,,,,1,,1,2,,
66,109,75,142.190898,-9.237373,141,,,,,,,1,,1,2,,
67,110,76,142.190613,-9.237662,142,,,,,,,1,,,,,
68,112,79,142.19104,-9.23864,144,,,,,,,1,,,1,,
69,113,83,142.189427,-9.239257,148,,,,,,,1,,2,1,,
70,114,84,142.189019,-9.239458,149,,,,,,,1,,1,1,,
71,115,85,142.188623,-9.239679,150,,,,,,,,,2,2,,
72,117,97,142.184344,-9.241904,165,,,,1,,,1,,2,3,,
73,118,98,142.183943,-9.242118,166,,1,,,,,1,,2,3,,
74,120,99,142.183542,-9.242332,168,,1,,,,,1,,2,3,,
75,121,100,142.183141,-9.242546,169,,1,,,1,,1,,2,2,,
76,122,101,142.18274,-9.242761,170,,1,1,,1,,1,,1,1,,
77,123,102,142.182336,-9.242967,172,,,,,1,,1,,1,2,,
78,125,105,142.181084,-9.243508,177,,1,,,,,1,,3,2,,
79,127,109,142.179503,-9.244399,184,,1,,,,,,,1,2,,
80,128,112,142.17831,-9.245057,188,,,,1,,,,,1,2,,
81,131,113,142.177946,-9.245324,191,,,,,,,,,2,1,,
82,133,114,142.177609,-9.245628,193,,,,,,,,,2,1,,
83,134,115,142.177271,-9.245932,195,,,,,,,,,2,1,,
84,135,117,142.176541,-9.24647,198,1,,1,,,,,,1,1,,
85,137,118,142.176184,-9.246749,200,,,,,,,,,2,2,,
86,139,119,142.175832,-9.247036,202,1,,,,,,,,2,2,,
87,141,124,142.174034,-9.24842,211,,,,,,,1,,2,1,,
88,142,126,142.173179,-9.248701,212,1,,,,,,,,2,2,,
89,143,127,142.172738,-9.248814,213,,,,,,,,,1,1,,
90,144,128,142.172309,-9.248965,214,,,,,,,,,,1,,
91,146,129,142.171882,-9.24912,216,1,,,,,,,,1,1,,
92,147,130,142.171444,-9.249239,217,,,,,,,,,,2,,
93,148,131,142.170999,-9.249339,218,,,,,,,,,,2,,
94,150,132,142.170555,-9.249438,220,,,,,,,1,,3,3,,
95,151,133,142.170111,-9.249537,221,,,,,,,1,,3,2,,
96,152,134,142.169667,-9.249636,222,,,,,,,1,,3,3,,
97,153,135,142.169231,-9.249762,223,,,,,1,,1,,3,2,,
98,155,136,142.168797,-9.2499,225,,1,,,1,,1,,3,1,,
99,157,137,142.168364,-9.250038,227,,,,,1,,1,,3,3,,
100,159,138,142.16793,-9.250176,229,,,,,1,,1,,2,1,,
101,160,140,142.167064,-9.250452,230,1,,1,1,1,,1,,2,3,,
102,162,141,142.166622,-9.250559,233,,1,,,1,,1,,3,2,,
103,164,142,142.166177,-9.250656,236,,,,,1,,1,,3,3,,
104,165,143,142.165733,-9.250753,237,1,,1,1,1,,1,,2,,,
105,166,144,142.165288,-9.25085,238,,1,,,1,,1,,2,1,,
106,167,145,142.164842,-9.250939,240,,,,,1,,1,,2,,,
107,169,146,142.164393,-9.251012,242,,,,1,,,1,,3,3,,
108,170,148,142.163495,-9.251157,245,,1,,,1,,1,,3,3,,
109,171,149,142.163061,-9.251293,246,,,,1,,,1,,3,3,,
110,175,151,142.16222,-9.251633,251,,,,,,,1,,1,1,,
111,176,152,142.161812,-9.251833,252,,,,,,,1,,2,,,
112,178,153,142.161404,-9.252033,254,,1,,,,,1,,1,1,,
113,180,154,142.160982,-9.252199,257,1,,1,1,1,,,,2,1,,
114,182,155,142.160548,-9.252336,259,,,,1,1,,,,1,1,,
115,183,156,142.160114,-9.252472,260,1,,1,1,1,,,,1,1,,
116,184,158,142.159242,-9.252727,263,,,,,1,,1,,2,1,,
117,185,157,142.15968,-9.252608,264,1,,1,,1,,1,,2,1,,
118,186,159,142.158789,-9.252768,265,,,,,1,,1,,2,2,,
119,187,161,142.157893,-9.252907,268,,,,1,1,,1,,2,2,,
120,188,162,142.157457,-9.253034,270,1,,1,1,1,,1,,3,3,,
121,189,164,142.156594,-9.253321,274,,,,,,,1,,1,1,,
122,190,167,142.155328,-9.253828,279,1,,1,,,,,,1,2,,
123,191,168,142.154906,-9.253998,280,,,,,,,1,,2,2,,
124,193,169,142.154489,-9.254178,282,,,,,1,,1,,2,1,,
125,194,170,142.154071,-9.254358,283,1,,,1,1,,1,,3,2,,
126,195,171,142.153654,-9.254538,285,,2,,,1,,1,,1,2,,
127,196,173,142.152774,-9.254762,288,1,2,1,,1,,1,,2,2,,
128,197,174,142.152323,-9.254823,289,,,,,,,1,,2,2,,
129,198,175,142.151872,-9.254884,290,,1,,,,,1,,2,1,,
130,200,176,142.151444,-9.255037,292,2,,1,1,,,1,,2,1,,
131,202,177,142.151025,-9.25521,294,,1,,,,,1,,2,2,,
132,203,178,142.150621,-9.25542,295,,,,,,,1,,2,1,,
133,205,179,142.150185,-9.255505,297,,1,,,,,1,,2,2,,
134,206,180,142.14973,-9.255517,298,,1,,,,,1,,1,1,,
135,208,181,142.149275,-9.25553,300,,1,,,,,1,,3,3,,
136,210,182,142.148821,-9.255548,302,,1,,,,,1,,3,3,,
137,211,183,142.148366,-9.255569,303,1,,1,1,1,,1,,1,2,,
138,213,184,142.147911,-9.25559,305,,,,1,1,,1,,3,2,,
139,215,185,142.147457,-9.255612,307,,1,,,,,1,,2,2,,
140,216,186,142.147002,-9.255633,308,,,,,,,1,,2,2,,
141,218,187,142.146548,-9.255655,310,,,,,,,1,,2,1,,
142,220,188,142.146102,-9.255579,312,,,,1,,,1,,2,2,,
143,221,189,142.145657,-9.255505,314,,1,,,,,1,,2,2,,
144,223,190,142.145205,-9.255558,316,,,,,,,1,,2,2,,
145,225,191,142.144764,-9.255661,318,,1,,,,,1,,1,1,,
146,227,192,142.144328,-9.255793,320,1,,1,,,,1,,2,1,,
147,230,193,142.143893,-9.255926,323,,,,,,,1,,2,1,,
148,232,194,142.143462,-9.256069,325,,,,,,,1,,2,1,,
149,233,195,142.143035,-9.256227,326,1,,,,,,1,,2,1,,
150,236,196,142.142609,-9.256386,335,,,,,,,1,,3,2,,
151,237,197,142.14216,-9.256416,336,,,,,,,1,,3,2,,
152,239,198,142.141728,-9.256479,338,,1,,,,,1,,2,1,,
153,240,199,142.141386,-9.256777,339,,,,,,,1,,2,1,,
154,242,200,142.141038,-9.257068,341,,,,,,,1,,2,2,,
155,245,201,142.140688,-9.257357,344,1,,1,1,,,1,,2,1,,
156,248,202,142.140338,-9.257646,347,,,,,,,1,,2,2,,
157,249,203,142.139924,-9.257819,348,,1,,,,,1,,2,1,,
158,250,204,142.13949,-9.257956,349,,1,,,,,1,,2,2,,
159,251,205,142.139056,-9.258093,350,,1,,,,,1,,2,2,,
160,252,206,142.138624,-9.258233,351,,,,,,,1,,2,1,,
161,254,207,142.138231,-9.258462,353,,,,,,,1,,1,1,,
162,256,208,142.137838,-9.25869,355,,1,,,,,1,,2,1,,
163,257,209,142.137441,-9.258908,356,,1,,,,,1,,1,,,
164,259,210,142.136995,-9.258996,358,,,,,,,1,,2,,,
165,261,211,142.136552,-9.259099,360,,,,,,,1,,2,1,,
166,263,212,142.136113,-9.259219,362,,1,,,,,1,,1,,,
167,265,213,142.135686,-9.259374,364,,1,,,,,1,,2,,,
168,266,214,142.135263,-9.259541,365,,,,,,,1,,2,1,,
169,268,215,142.134859,-9.259748,368,,,,,,,1,,2,1,,
170,269,216,142.134461,-9.259966,369,1,1,,,,,1,,2,1,,
171,270,217,142.134067,-9.260193,371,,1,,,,,1,,1,1,,
172,271,219,142.133522,-9.260778,375,1,,,,,,1,,2,2,,
173,272,220,142.133106,-9.260615,376,,,,,,,1,,2,2,,
174,273,223,142.13194,-9.261234,377,,,,,,,1,,2,2,,
175,277,224,142.131539,-9.261447,381,,,,,,,1,,2,2,,
176,279,225,142.131204,-9.261749,383,,,,,,,1,,2,2,,
177,280,227,142.130882,-9.262576,384,,,,,,,1,,,,,
178,281,235,142.130029,-9.265407,385,,,,,,,1,,,,,
179,282,229,142.130713,-9.263397,386,,,,,,1,1,,,,,
180,283,232,142.130503,-9.264501,387,,,,,,1,1,,,,,
182,328,236,142.130217,-9.265818,456,,,,,,,1,,2,,,
183,330,237,142.130462,-9.266199,458,,1,,,,,1,,2,,,
184,333,238,142.130598,-9.266628,461,,,,,,,1,,2,,,
185,335,239,142.130718,-9.267064,463,,1,,,,,1,,2,,,
186,337,240,142.130857,-9.267489,465,,,,,,,1,,2,,,
187,339,241,142.131157,-9.26783,468,,,,,,,1,,2,,,
188,341,242,142.131396,-9.268212,471,,,,,,,1,,2,,,
189,344,243,142.131636,-9.268594,474,,,,,,,1,,2,,,
190,346,244,142.131914,-9.268952,477,,,,,,,1,,2,,,
191,348,245,142.132254,-9.269247,480,,,,,,,1,,2,,,
192,351,246,142.132622,-9.269512,483,,,,,,1,1,,2,,,
193,353,247,142.13301,-9.269748,486,,,,,,1,1,,2,,,
194,355,248,142.133378,-9.27001,488,,1,,,,,1,,2,1,,
195,357,249,142.133707,-9.270323,490,,,,,,,1,,2,1,,
196,359,250,142.134035,-9.270635,492,,,,,,,1,,2,,,
197,361,251,142.134364,-9.270948,494,,,,,,,1,,2,1,,
198,363,252,142.13472,-9.271227,496,,,,,,,1,,2,2,,
199,365,253,142.135102,-9.271472,498,,,,,,,1,,2,,,
200,367,254,142.135484,-9.271718,501,,,,,,,1,,2,1,,
201,368,255,142.135866,-9.271964,502,,,,,,,1,,2,1,,
202,370,256,142.136256,-9.272196,504,,,,,,,1,,2,,,
203,372,257,142.136647,-9.272428,506,,,,,,,1,,1,1,,
204,375,258,142.137038,-9.27266,509,,,,,,,1,,2,,,
205,377,259,142.137443,-9.272846,511,1,,1,1,,1,1,,2,,,
206,379,260,142.137882,-9.272914,513,,,,,,1,1,,2,,,
207,381,261,142.138263,-9.273162,515,,,,,,1,1,,2,,,
208,385,262,142.138644,-9.27341,519,,,,,,1,1,,1,,,
209,387,263,142.139024,-9.273658,521,,,,,,1,1,,2,,,
210,389,264,142.139405,-9.273905,524,,1,,,,1,1,,2,2,,
211,390,265,142.139802,-9.274122,525,,,,,,,1,,2,1,,
212,393,267,142.140664,-9.274331,529,2,,,,1,1,1,,2,1,,
213,395,268,142.141095,-9.274433,532,,,,,,1,1,,2,1,,
214,397,269,142.141516,-9.274605,534,,,,,,1,1,,2,,,
215,399,270,142.141937,-9.274777,536,,,,,,1,1,,1,1,,
216,401,271,142.142308,-9.275035,538,,1,,,,1,1,,2,,,
217,403,272,142.142668,-9.275313,540,,,,,1,1,1,,2,,,
218,405,274,142.143309,-9.274705,542,,2,,,1,1,1,,2,,,
219,407,275,142.143322,-9.275116,544,,,,,1,1,1,,2,,,
220,408,278,142.143575,-9.27585,545,,,,,,1,1,,2,1,,
221,409,279,142.144004,-9.275849,546,,,,,,1,1,,2,1,,
222,411,280,142.144433,-9.276,549,,,,,,1,1,,2,,,
223,412,281,142.144863,-9.276148,550,,,,,,1,1,,2,,,
224,414,282,142.145298,-9.276279,553,,,,,,1,1,,1,,,
225,415,283,142.145739,-9.276391,554,,,,,,1,1,,1,,,
226,418,284,142.14618,-9.276504,557,,,,,,1,1,,2,,,
227,419,285,142.146617,-9.27663,558,,,,,,1,1,,2,,,
228,422,286,142.147053,-9.276761,563,,,,,,1,1,,2,1,,
229,425,289,142.148386,-9.277041,566,1,,,,,,1,,2,,,
230,426,288,142.14794,-9.276948,567,,,,,,,1,,1,,,
231,429,290,142.148832,-9.277133,570,,,,,,,1,,2,,,
232,430,291,142.149279,-9.277171,571,,,,,,,1,,1,,,
233,432,292,142.149729,-9.277106,573,,,,,,1,1,,,,,
234,434,293,142.150097,-9.277321,575,,,,,,1,1,,2,,,
235,436,294,142.150473,-9.277574,577,1,,,,1,1,1,,2,,,
236,439,295,142.150857,-9.277817,580,,,,,1,1,1,,2,1,,
237,441,296,142.151228,-9.278079,582,,,,,1,1,1,,2,1,,
238,442,297,142.151602,-9.278326,583,2,,,,1,1,1,,2,1,,
239,444,298,142.152054,-9.27838,585,1,,,,1,1,1,,2,2,,
240,445,299,142.152506,-9.278433,586,2,,,,1,1,1,,2,2,,
241,448,300,142.152954,-9.27851,589,,2,,,,1,1,,2,1,,
242,450,301,142.153402,-9.278593,591,,,,,,1,1,,1,,,
243,452,302,142.153849,-9.278677,594,,,,,,1,1,,1,1,,
244,454,303,142.154289,-9.278791,596,,,,,,1,1,,1,,,
245,456,304,142.154744,-9.278778,598,,,,,,1,1,,2,1,,
246,458,305,142.155197,-9.278737,600,,,,,,1,1,,2,1,,
247,462,307,142.156102,-9.278769,606,,,,,,1,1,,2,1,,
248,463,309,142.1569,-9.27904,607,1,,,,,1,1,,2,,,
249,464,310,142.157261,-9.279308,609,,1,,,,1,1,,2,1,,
250,465,311,142.157661,-9.279525,610,1,,,,,1,1,,2,,,
251,467,312,142.158061,-9.27974,612,,,,,,1,1,,2,1,,
252,469,313,142.158463,-9.279952,614,,1,,,,,1,,2,1,,
253,470,314,142.158871,-9.279824,616,,,,,,,1,,2,1,,
254,472,315,142.15932,-9.279891,618,,,,,,,1,,2,1,,
255,475,316,142.159763,-9.279994,621,,,,,,,1,,2,1,,
256,478,317,142.160203,-9.280108,624,,,,,,,1,,1,1,,
257,480,318,142.160637,-9.280246,626,,1,,,,1,1,,2,,,
258,482,319,142.16107,-9.280383,628,,,,,,1,1,,2,1,,
259,484,320,142.161505,-9.280518,631,,2,,,1,1,1,,1,,,
260,485,321,142.161945,-9.280613,632,,2,,,1,1,1,,1,1,,
261,488,322,142.162374,-9.280716,635,,,,,,1,1,,2,1,,
262,490,323,142.162772,-9.280935,637,,,,,,1,1,,2,,,
263,492,325,142.163582,-9.281346,641,1,,,,,1,1,,2,1,,
264,494,327,142.164436,-9.281489,645,,1,,,,1,1,,2,1,,
265,495,330,142.165001,-9.280827,646,,,,,,1,1,,2,1,,
266,496,329,142.164552,-9.280869,647,,,,,,1,1,,2,1,,
267,498,331,142.165455,-9.280859,650,,,,,,1,1,,2,1,,
268,501,332,142.165901,-9.280935,653,,,,,,1,1,,2,,,
269,503,334,142.166777,-9.281182,655,1,,,,,1,1,,3,2,,
270,505,335,142.167217,-9.281295,657,,,,,,1,1,,1,,,
271,507,336,142.167668,-9.281358,660,,,,,,,1,,2,1,,
272,510,337,142.168112,-9.281453,663,,,,,,,1,,2,1,,
273,512,339,142.169009,-9.281587,665,,,,,1,,1,,2,1,,
274,514,340,142.169463,-9.281619,667,1,,,,1,,1,,2,2,,
275,516,341,142.169914,-9.281639,669,,,,,,,1,,2,1,,
276,520,343,142.170732,-9.282035,673,,,,,,1,1,,2,,,
277,521,342,142.170323,-9.281837,674,,,,,,1,1,,2,1,,
278,522,344,142.171136,-9.282237,675,,,,,,1,1,,2,1,,
279,525,345,142.171554,-9.282417,678,,1,,,,1,1,,1,1,,
280,527,346,142.171981,-9.282521,680,,,,,,,1,,2,1,,
281,529,347,142.172432,-9.282459,682,,,,,,1,1,,2,1,,
282,531,348,142.172887,-9.282459,684,,,,,,1,1,,2,1,,
283,534,349,142.173342,-9.282459,687,,1,,,,1,1,,2,2,,
284,536,350,142.173774,-9.282593,689,,,,,,,1,,3,2,,
285,537,351,142.174202,-9.282746,690,,1,,,,,1,,1,1,,
286,538,352,142.174618,-9.282928,691,,1,,,,,1,,2,1,,
287,539,353,142.17503,-9.283118,693,,,,,,,1,,2,1,,
288,541,354,142.175464,-9.283254,697,,1,,,,,1,,2,1,,
289,543,355,142.175898,-9.283391,699,,,,,,,1,,2,,,
290,545,356,142.17633,-9.283533,701,,,,,,,1,,2,,,
291,548,357,142.176762,-9.283676,704,,,,,,,1,,2,1,,
292,550,358,142.177195,-9.283817,706,1,,1,1,,,1,,2,1,,
293,553,359,142.177649,-9.283831,709,1,,,,,,1,,1,1,,
294,554,360,142.178095,-9.283907,710,,,,,,,1,,,,,
295,556,361,142.178535,-9.284025,712,,,,,,,1,,2,1,,
296,559,362,142.178979,-9.28411,715,,,,,,1,1,,2,2,,
297,561,363,142.179434,-9.284128,717,2,,,,,1,1,,1,,,
298,564,364,142.179889,-9.284147,720,,1,,,,1,1,,2,1,,
299,566,365,142.180344,-9.284165,724,,,,,,,1,,1,1,,
300,568,366,142.180797,-9.284207,726,1,,,,,,1,,3,2,,
301,570,367,142.18125,-9.284249,729,,,,,,,1,,2,1,,
302,571,368,142.181703,-9.28429,730,,,,,,1,1,,2,1,,
303,573,369,142.182154,-9.284347,732,,1,,,,,1,,2,1,,
304,574,370,142.182598,-9.28445,735,,,,,,,1,,3,1,,
305,576,372,142.183507,-9.284492,741,,1,,,,,1,,2,1,,
306,577,373,142.183961,-9.284472,742,,,,,,,1,,1,,,
307,578,374,142.184416,-9.284449,743,2,,1,1,,,1,,2,2,,
308,581,376,142.185325,-9.284402,747,,,,,,,1,,2,1,,
309,583,378,142.186215,-9.284559,749,,,,,,,1,,1,,,
310,584,379,142.186651,-9.284689,750,,,,,,,1,,2,,,
311,585,380,142.187087,-9.284817,751,,,,,,,1,,2,1,,
312,588,381,142.187524,-9.284945,754,,,,,,,1,,2,1,,
313,590,382,142.18796,-9.285074,756,,,,,,,1,,2,1,,
314,592,383,142.188397,-9.285202,758,,,,,,,1,,2,1,,
315,595,384,142.188834,-9.285329,761,,,,,,,1,,2,1,,
316,597,385,142.189271,-9.285455,763,,,,,,,1,,1,1,,
317,598,386,142.189706,-9.285587,765,,1,,,,,1,,1,1,,
318,600,387,142.190143,-9.285715,767,,1,,,,,1,,1,1,,
319,604,388,142.190583,-9.285829,771,,1,,,,,1,,2,1,,
320,606,389,142.191023,-9.285944,773,,,,,,,1,,2,1,,
321,609,391,142.191904,-9.286173,778,,1,,,,1,1,,2,1,,
322,613,393,142.192811,-9.286157,782,1,,,,,,1,,2,1,,
323,614,392,142.192356,-9.286176,783,1,,,,,,1,,2,1,,
324,620,394,142.193257,-9.286222,789,,,,,,,1,,2,1,,
325,622,395,142.193699,-9.286331,791,,1,,,,,,,2,1,1,
326,624,396,142.194145,-9.286419,793,,,,,1,,,1,2,1,1,
327,626,397,142.194596,-9.286477,795,2,,,,1,,,1,2,1,1,
328,627,398,142.195034,-9.286461,796,,,,,1,,,1,1,1,1,
329,629,399,142.19544,-9.286256,798,2,,1,,1,,,1,2,1,1,
330,631,400,142.195839,-9.286042,800,2,,1,,1,,,1,,,1,
331,632,401,142.196248,-9.285847,801,2,,1,,1,,,1,,,1,
332,634,404,142.197192,-9.286118,803,,,,,,,1,,2,1,,
333,636,405,142.19764,-9.286159,805,1,,,,,,1,,2,1,,
334,638,406,142.198088,-9.28622,807,,,,,,,1,,2,,,
335,639,407,142.198542,-9.286246,808,,,,,,,1,,2,1,,
336,642,408,142.198997,-9.286258,811,,,,,,1,1,,2,2,,
337,644,409,142.199452,-9.286268,813,,,,,,,1,,2,1,,
338,646,410,142.199907,-9.286277,815,,,,,,,1,,2,1,,
339,649,411,142.200362,-9.286287,818,,2,,,1,1,1,,2,2,,
340,651,412,142.200817,-9.286298,821,,2,,,1,1,1,,2,1,,
341,653,413,142.201272,-9.28631,823,,2,,,1,1,1,,2,1,,
342,655,414,142.201727,-9.286322,825,1,,,,1,1,1,,1,1,,
343,657,415,142.202182,-9.286334,827,,1,,,1,1,1,,2,2,,
344,659,416,142.202637,-9.286349,829,1,,1,,1,1,1,,2,1,,
345,661,417,142.203092,-9.286364,831,,2,,,1,1,1,,2,2,,
346,662,418,142.203547,-9.286375,832,,2,,,1,1,1,,2,2,,
347,663,419,142.204002,-9.286363,835,,,,,,1,1,,2,1,,
348,668,420,142.204457,-9.286347,840,,,,,,,1,,2,1,,
349,669,421,142.204911,-9.286314,841,,1,,,,,1,,2,1,,
350,671,422,142.205365,-9.286306,843,,,,,,,1,,2,1,,
351,673,423,142.205817,-9.286326,845,,,,,,,1,,2,1,,
352,674,424,142.20624,-9.286157,846,,,,,,,1,,2,2,,
353,676,425,142.206664,-9.285993,848,,,,,,,1,,2,1,,
354,678,426,142.207088,-9.285842,850,,,,,,,1,,1,,,
355,679,427,142.207398,-9.285511,851,,,,,,,1,,1,,,
356,681,429,142.20792,-9.285841,853,,,,,,1,1,,2,1,,
357,682,430,142.208345,-9.286004,854,,1,,,,1,1,,2,1,,
358,684,431,142.208785,-9.286101,856,,1,,,,1,1,,2,1,,
359,685,432,142.20923,-9.286198,857,,1,,,,1,1,,2,2,,
360,687,433,142.209676,-9.286288,860,,1,,,,1,1,,2,1,,
361,690,434,142.210122,-9.286378,863,,,,,,1,1,,2,1,,
362,691,435,142.210568,-9.286468,864,,2,,,,1,1,,2,1,,
363,693,436,142.211017,-9.286539,866,,1,,,,,1,,2,2,,
364,695,437,142.211469,-9.286557,868,,,,,,,1,,2,1,,
365,698,438,142.211902,-9.286508,871,,2,,,,,1,,3,2,,
366,699,439,142.212333,-9.286654,872,,,,,,,1,,3,2,,
367,702,440,142.212785,-9.28666,875,1,,,,,1,1,,2,1,,
368,704,441,142.21324,-9.286652,877,,1,,,,1,1,,1,1,,
369,705,442,142.213695,-9.286642,878,,1,,,1,1,1,,2,1,,
370,707,443,142.21415,-9.286631,880,,,,,1,1,1,,2,1,,
371,709,444,142.2146,-9.286691,882,2,,,,1,1,1,,2,1,,
372,712,445,142.21505,-9.286764,885,,1,,,,1,1,,2,1,,
373,714,446,142.215499,-9.286836,887,,,,,,,1,,2,2,,
374,716,447,142.21595,-9.286888,889,2,,,,,,1,,2,1,,
375,718,448,142.216405,-9.286912,891,,,,,,1,1,,2,2,,
376,720,450,142.217312,-9.286984,895,2,,1,1,1,1,1,,1,1,,
377,723,452,142.218219,-9.287053,901,,,,,,1,1,,2,1,,
378,724,453,142.218674,-9.287068,902,,,,,,1,1,,2,1,,
379,726,454,142.219126,-9.287096,904,,,,,,1,1,,2,1,,
380,727,455,142.219552,-9.287256,905,,,,,,1,1,,2,1,,
381,729,456,142.219977,-9.287417,907,,,,,,1,1,,2,1,,
382,731,457,142.22042,-9.287467,909,,,,,1,1,1,,2,1,,
383,733,458,142.220874,-9.287439,911,1,,,,1,1,1,,2,1,,
384,735,459,142.221328,-9.287422,913,,1,,,1,1,1,,1,2,,
385,737,460,142.221784,-9.287422,915,1,,,,1,,1,,1,2,,
386,738,461,142.222229,-9.287494,916,,,,,,,1,,3,2,,
387,740,462,142.222669,-9.287609,918,,,,,,,1,,3,1,,
388,742,463,142.223113,-9.287626,920,,,,,,,1,,2,1,,
389,744,464,142.22356,-9.287542,922,,,,,,1,1,,2,2,,
390,746,465,142.22401,-9.28749,924,,,,,1,,1,,2,1,,
391,748,466,142.224464,-9.287512,926,1,,,,1,,1,,2,2,,
392,751,467,142.224919,-9.287535,929,,1,,,1,,1,,2,1,,
393,752,468,142.225374,-9.28754,930,,1,,,,,1,,2,,,
394,755,469,142.225829,-9.287528,933,,,,,,,1,,1,1,,
395,757,470,142.226284,-9.287515,935,,1,,,,,1,,2,1,,
396,759,471,142.226739,-9.287507,937,,,,,,,1,,2,2,,
397,762,473,142.227605,-9.287719,940,,,,,,,1,,2,2,,
398,763,474,142.228039,-9.287852,941,,,,,,,1,,2,2,,
399,765,475,142.228471,-9.287994,943,,,,,,,1,,2,2,,
400,767,476,142.228919,-9.288058,945,,,,1,,,1,,2,2,,
401,768,477,142.229373,-9.288089,946,,1,,,,,1,,2,2,,
402,771,478,142.229827,-9.288118,950,,1,,,,,1,,2,1,,
403,774,479,142.230278,-9.288179,953,,1,,,,,1,,2,1,,
404,776,480,142.230724,-9.288265,955,,,,,,,1,,2,2,,
405,777,481,142.231161,-9.288392,957,,1,,,,,1,,2,1,,
406,780,482,142.231597,-9.288519,960,,,,,,,1,,3,3,,
407,782,483,142.232044,-9.288579,962,,,,,,,1,,3,2,,
408,785,484,142.232499,-9.288579,965,2,,,,1,,1,,3,2,,
409,788,485,142.232954,-9.288579,968,2,,1,,1,,1,,1,,,
410,790,486,142.233409,-9.288561,970,,1,,,,,1,,1,1,,
411,792,487,142.233864,-9.288537,972,,1,,1,,,,,,,1,
412,795,488,142.234317,-9.288506,975,,,,,,,1,,1,1,,
413,796,489,142.234769,-9.288447,976,,,,,,,1,,2,1,,
414,797,490,142.235216,-9.288369,977,,,,,,,1,,2,1,,
415,798,491,142.23566,-9.288266,978,,,,,,,1,,2,1,,
416,799,494,142.23633,-9.287135,979,,,,,,,1,,1,,,
417,801,495,142.236715,-9.287126,981,,,,,,,1,,2,1,,
418,802,496,142.236897,-9.287495,982,,,,,,,1,,2,1,,
419,803,498,142.237022,-9.288388,985,,,,,,,,,2,1,,
420,804,499,142.237261,-9.288744,986,,,,,,,,,2,2,,
421,805,500,142.23766,-9.288947,988,,,,,,,,,2,2,,
422,806,501,142.238084,-9.289111,989,,1,,,,,,,2,1,,
423,808,503,142.238932,-9.289439,993,,,,,,,,,,,,
424,809,504,142.239363,-9.289581,995,,1,,,,,,,,,,
425,815,506,142.240257,-9.28975,1001,,,,,,,,,,,,
426,816,505,142.23981,-9.289666,1002,,,,,,,,,,,1,
427,818,507,142.240704,-9.289835,1005,,,,,,,,,,,,
428,821,509,142.241609,-9.289935,1010,,2,,,1,,,,,,,
429,823,510,142.242061,-9.289983,1012,,2,,,1,,,,,,,
430,825,511,142.242516,-9.289992,1014,2,,1,,1,,,,,,,
431,830,512,142.242971,-9.29,1019,,1,,,,,1,,1,1,,
432,832,513,142.243427,-9.290007,1021,,1,,1,,,1,,1,2,,
433,834,514,142.243882,-9.290008,1023,,1,,,,,,,,,,
434,836,515,142.244248,-9.289786,1025,,1,,,,,,,,,,
435,838,516,142.244665,-9.289969,1028,,1,,,,,,,,,,
436,839,517,142.245104,-9.290033,1029,,1,,,,,,1,,,1,
437,840,518,142.245558,-9.290001,1031,,,,,,,,1,,,1,
438,842,519,142.246012,-9.289976,1033,,,,,,,,1,,,1,
439,844,520,142.246467,-9.28995,1035,,,,,,,,1,,,1,
440,847,521,142.246919,-9.28994,1038,1,,,,,,,1,,,1,
441,849,522,142.24737,-9.289966,1040,,,,,,,,1,,,1,
442,851,523,142.247825,-9.289966,1042,,,,,,,,1,,,1,
443,853,524,142.248258,-9.289855,1044,,,,,,,1,,,,,
444,859,525,142.248688,-9.290003,1050,,1,,,,,1,,,2,,
445,861,526,142.249142,-9.289989,1052,,1,,,,,1,,2,2,,
446,864,527,142.249586,-9.289891,1055,,,,,,,1,,2,2,,
447,866,528,142.250027,-9.289782,1057,,,,,,1,1,,2,1,,
448,868,529,142.250302,-9.289481,1059,2,,1,,1,1,1,,3,2,,
449,869,530,142.250548,-9.289108,1060,2,,1,,1,,,1,3,3,,
450,870,531,142.250879,-9.288805,1061,2,,1,,1,,,1,3,3,,
451,871,532,142.251255,-9.288551,1062,2,,1,,1,,,1,2,3,,
452,872,533,142.251632,-9.288297,1063,2,,1,,1,,,1,2,2,,
453,874,535,142.252524,-9.288137,1065,2,,1,,1,,,1,,,1,
454,875,534,142.252076,-9.288216,1066,,,,,1,,,1,,,1,
455,877,536,142.252971,-9.288068,1068,2,,,,1,,,1,,,1,
456,878,537,142.253386,-9.288254,1069,,1,,,1,,,,,,,
457,879,538,142.253661,-9.28861,1070,,1,,,1,,,,,,,
458,881,539,142.25407,-9.28866,1072,1,,,,,,,,,,,
459,884,540,142.254521,-9.288602,1076,,1,,,,,1,,,,,
460,887,541,142.25497,-9.28853,1079,,,,,,1,1,,,,,
461,889,542,142.255419,-9.288457,1081,,1,,,,,1,,,,,
462,891,543,142.255847,-9.288319,1083,1,,,,1,1,1,,1,,,
463,893,544,142.256249,-9.288107,1085,2,,,,1,1,1,,2,1,,
464,895,545,142.25663,-9.287861,1087,,2,,,1,1,1,,2,,,
465,897,546,142.25701,-9.287611,1089,,,,,,1,1,,2,,,
466,898,547,142.257444,-9.287503,1090,,,,,,1,1,,,,,
467,899,548,142.257899,-9.287512,1091,,,,,,1,1,,,,1,
468,900,549,142.258353,-9.287529,1092,,,,,,1,1,,,,,
469,901,550,142.258804,-9.287585,1093,,,,,1,1,1,,,,,
470,902,551,142.25925,-9.287673,1094,2,,,,,1,1,,,1,,
471,905,552,142.259698,-9.287751,1097,1,,,,,1,1,,1,1,,
472,906,553,142.260147,-9.287823,1098,,,,,,,1,,2,,,
473,908,556,142.261493,-9.288049,1104,,,,,,,1,,2,1,,
474,909,557,142.261926,-9.288187,1105,,,,,,,1,,2,2,,
475,911,558,142.262349,-9.288353,1108,,,,,,,1,,2,2,,
476,912,560,142.263178,-9.288727,1110,,,,,,,1,,2,2,,
477,913,559,142.262763,-9.28854,1111,,,,,,,1,,2,1,,
478,914,561,142.263608,-9.288785,1115,,,,,,,1,,2,1,,
479,915,562,142.264055,-9.288702,1116,,,,,,,1,,2,1,,
480,917,563,142.26449,-9.288836,1121,,,,,,,1,,2,1,,
481,918,564,142.264924,-9.288972,1122,,,,,,,1,,2,1,,
482,920,565,142.26536,-9.289087,1125,,,,,,,1,,3,2,,
483,922,566,142.265815,-9.289061,1127,,,,,,,1,,2,1,,
484,926,568,142.266723,-9.289103,1131,,,,,,,1,,,,,
485,928,567,142.266269,-9.289069,1133,,,,,,,1,,1,,,
486,929,569,142.267177,-9.289138,1134,,,,,,,1,,1,,,
487,932,570,142.26763,-9.289172,1137,,,,,,,1,,2,1,,
488,934,571,142.268084,-9.289208,1139,,1,,,,,1,,2,2,,
489,937,572,142.268538,-9.289244,1142,,,,,,,1,,1,1,,
490,940,573,142.268991,-9.289281,1145,,1,,,,,1,,2,1,,
491,941,574,142.269445,-9.289318,1146,,,,,,,1,,2,2,,
492,943,575,142.269899,-9.289355,1148,,,,,,,1,,1,1,,
493,946,576,142.270353,-9.289337,1151,,,,,,,1,,1,,,
494,948,577,142.270808,-9.289317,1153,,,,,,,1,,2,1,,
495,950,578,142.271263,-9.289298,1155,,,,,,,1,,1,1,,
496,952,579,142.271718,-9.289278,1157,,,,,,,1,,1,2,,
497,954,580,142.272172,-9.289258,1159,,1,,,,,1,,2,1,,
498,955,581,142.272627,-9.289234,1161,,,,,,,1,,2,1,,
499,956,583,142.273536,-9.289183,1167,,,,,,1,1,,2,1,,
500,960,584,142.273987,-9.289133,1173,1,,,,,1,1,,2,,,
501,961,585,142.274437,-9.289061,1175,,,,,,,1,,1,1,,
502,964,586,142.274886,-9.288989,1178,,,,,,,1,,3,,,
503,966,587,142.275327,-9.288885,1180,2,,,,1,,1,,2,2,,
504,969,588,142.275755,-9.28873,1183,2,,,,1,,1,,2,,,
505,973,589,142.276182,-9.288574,1189,,1,,,,,1,,2,1,,
506,975,590,142.276535,-9.288289,1191,,1,,,,,1,,2,1,,
507,977,591,142.276889,-9.288005,1193,2,,,,,,1,,2,1,,
508,978,592,142.277279,-9.287776,1194,,2,,,,1,1,,1,1,,
509,981,593,142.277684,-9.28757,1197,,,,,,1,1,,2,1,,
510,983,594,142.27809,-9.287364,1199,,,,,,1,1,,2,1,,
511,984,595,142.278486,-9.287143,1200,2,,,,,1,1,,1,2,,
512,986,596,142.278872,-9.286903,1202,,1,,,,1,1,,2,1,,
513,988,597,142.279258,-9.286663,1204,2,,,,,1,1,,1,1,,
514,989,598,142.279649,-9.286433,1205,1,,,,,1,1,,1,1,,
515,991,599,142.280046,-9.28621,1207,,,,,,,1,,2,2,,
516,992,600,142.280442,-9.285988,1209,1,,,,,,1,,2,1,,
517,993,601,142.280838,-9.285766,1210,,,,,,,1,,2,1,,
518,995,602,142.281242,-9.285558,1212,,1,,,,,1,,1,,,
519,997,603,142.281663,-9.285387,1214,,,,,,,1,,2,1,,
520,999,604,142.282086,-9.285218,1216,,,,1,,,1,,1,,,
521,1001,605,142.282487,-9.285006,1218,1,,,,,,1,,2,1,,
522,1002,606,142.282886,-9.284788,1219,,,,,,,1,,2,,,
523,1005,607,142.283284,-9.284569,1222,,,,,,,1,,2,,,
524,1008,608,142.28364,-9.284298,1225,,,,,,,1,,2,2,,
525,1010,609,142.283941,-9.283959,1227,1,,,,,,1,,2,1,,
526,1011,610,142.284242,-9.28362,1229,2,,,,1,,1,,2,1,,
527,1013,611,142.284549,-9.283286,1231,,,,,1,,1,,1,,,
528,1015,612,142.284862,-9.282958,1233,2,,,,1,,1,,2,2,,
529,1016,613,142.285117,-9.282594,1234,,,,,1,,1,,2,1,,
530,1018,614,142.285214,-9.282158,1236,,1,,,,,1,,2,1,,
531,1020,615,142.285317,-9.281758,1238,2,,,,1,,1,,2,1,,
532,1023,617,142.286093,-9.281292,1241,,2,,,1,,1,,3,2,,
533,1025,618,142.286339,-9.280913,1243,2,,,,1,,1,,3,2,,
534,1029,619,142.286586,-9.280533,1247,,1,,,1,,1,,2,2,,
535,1030,620,142.286833,-9.280153,1248,2,,,,1,,1,,3,2,,
536,1031,622,142.287213,-9.27934,1252,,1,,,1,,,,2,2,,
537,1032,621,142.287077,-9.279772,1253,2,,1,,1,,,,2,1,,
538,1034,623,142.287353,-9.278911,1255,,1,,,,,,,1,2,,
539,1035,624,142.287653,-9.278571,1256,,1,,,,,,,2,1,,
540,1036,625,142.287773,-9.278159,1257,,,,,,,,,2,1,,
541,1037,628,142.287016,-9.277599,1258,,,,,,,,,2,2,,
542,1038,630,142.287156,-9.27702,1259,,,,,,,,,2,2,,
543,1040,631,142.287448,-9.276673,1261,,,,,,,,,2,2,,
544,1041,632,142.28783,-9.27643,1262,,,,,,,,,2,2,,
545,1042,633,142.288219,-9.276195,1263,,,,,,,,,2,1,,
546,1043,634,142.288602,-9.275952,1264,1,,,,,,,,2,2,,
547,1044,635,142.288962,-9.275675,1265,,,,,,,,,2,2,,
548,1045,636,142.289322,-9.275399,1266,,,,,,,,,2,2,,
549,1046,637,142.289517,-9.275019,1267,,1,,,,,,,2,2,,
550,1048,638,142.289613,-9.274577,1269,,,,,,,,,2,2,,
551,1049,639,142.289789,-9.274172,1270,,1,,,,,,,2,2,,
552,1051,640,142.290067,-9.273814,1272,,,,,,,,,2,1,,
553,1053,642,142.29069,-9.273171,1274,,,,,,,,,1,1,,
554,1054,643,142.291081,-9.27294,1275,2,,,,1,,,,2,1,,
555,1055,644,142.291472,-9.272708,1276,2,,,,1,,,,2,2,,
556,1059,645,142.291741,-9.272351,1280,,1,,,,,,,1,2,,
557,1060,646,142.291988,-9.271971,1281,,,,,,,,,2,2,,
558,1061,647,142.292234,-9.271591,1283,,,,,,,,,2,2,,
559,1062,648,142.292467,-9.271204,1284,,,,,,,,,2,2,,
560,1064,649,142.292643,-9.270787,1286,,,,,,,,,2,2,,
561,1066,650,142.292819,-9.27037,1288,2,,,,,,,,2,2,,
562,1068,651,142.292995,-9.269953,1290,,,,,,,,,2,2,,
563,1070,652,142.293171,-9.269536,1292,,,,,,,,,2,2,,
564,1072,655,142.293558,-9.268237,1297,,,,,,,,,2,2,,
565,1074,656,142.2937,-9.267807,1299,,,,,,,,,2,2,,
566,1076,657,142.293853,-9.267382,1301,1,,,,,,,,2,2,,
567,1077,658,142.294007,-9.266956,1302,,,,,,,,,2,2,,
568,1079,659,142.294161,-9.26653,1305,,,,,,,,,2,2,,
569,1080,661,142.294469,-9.265679,1307,,,,,,,,,2,1,,
570,1081,662,142.294622,-9.265254,1309,,,,,,,,,2,1,,
571,1085,663,142.294776,-9.264828,1313,,1,,,,,,,2,2,,
572,1086,664,142.29493,-9.264403,1315,,,,,,,,,2,1,,
573,1087,665,142.294912,-9.263956,1317,,,,,,,,,2,2,,
574,1090,666,142.294858,-9.263507,1320,,,,,,,,,,1,,
575,1093,667,142.294805,-9.263058,1323,,,,,,,1,,2,2,,
576,1095,668,142.294752,-9.262609,1325,,,,,,,1,,3,2,,
577,1097,669,142.294698,-9.26216,1328,,,,,,,1,,2,2,,
578,1099,670,142.294616,-9.261719,1331,,,,,,,1,,2,2,,
579,1102,671,142.294427,-9.261308,1334,,,,,,,1,,2,1,,
580,1104,672,142.294237,-9.260897,1337,,,,,,,1,,2,2,,
581,1108,673,142.294048,-9.260486,1342,,1,,,,,1,,1,2,,
583,1113,676,142.293253,-9.259403,1350,1,,,,,,1,,1,2,,
584,1115,677,142.292944,-9.25907,1352,,,,,,,1,,2,2,,
585,1117,678,142.292575,-9.258827,1355,,,,,,,1,,2,3,,
586,1118,679,142.29215,-9.258665,1356,,,,,,,1,,2,3,,
587,1122,680,142.291725,-9.258502,1360,,,,,,,1,,3,3,,
588,1123,681,142.2913,-9.25834,1361,1,,,,,,1,,3,3,,
589,1125,683,142.290418,-9.258124,1365,,1,,,,,1,,2,1,,
590,1126,684,142.289974,-9.258023,1366,,1,,,,,1,,2,1,,
591,1128,685,142.28953,-9.257922,1369,,,,,,,1,,1,,,
592,1129,686,142.289087,-9.257821,1370,,1,,,,,1,,1,1,,
593,1130,687,142.288688,-9.257603,1372,,2,,,,,1,,1,2,,
594,1131,688,142.28829,-9.257384,1373,,,,,,,1,,1,3,,
595,1134,690,142.287494,-9.256946,1377,,1,,,1,,,1,3,3,,
596,1135,691,142.287095,-9.256727,1378,,,,,1,,,,3,3,,
597,1136,692,142.286692,-9.256518,1379,,2,,,1,,,1,3,3,,
598,1137,693,142.286277,-9.256334,1381,,2,,,1,,,,2,3,,
599,1139,694,142.285861,-9.25615,1383,,2,,,1,,,1,2,2,,
600,1140,696,142.285029,-9.255783,1386,,2,,,1,,,1,3,2,,
601,1142,697,142.284613,-9.255599,1388,,2,,,1,,,1,3,2,,
602,1143,698,142.284197,-9.255415,1389,,2,,,1,,,1,3,1,,
603,1144,700,142.283345,-9.255111,1392,,2,,,1,,,,1,2,,
604,1145,701,142.2829,-9.255012,1395,,2,,,1,,,1,2,2,,
605,1146,702,142.282456,-9.254914,1396,,2,,,1,,,1,2,2,,
606,1147,703,142.282018,-9.254797,1398,,2,,,1,,,1,2,3,,
607,1148,704,142.281599,-9.25462,1399,,2,,,1,,,1,3,3,,
608,1150,705,142.281181,-9.254443,1401,,2,,,1,,,1,3,3,,
609,1151,706,142.280762,-9.254266,1402,,2,,,1,,,1,3,3,,
610,1153,707,142.280343,-9.254089,1404,2,2,1,,1,,,1,2,3,,
611,1155,708,142.279924,-9.253911,1406,2,2,,,1,,,1,3,2,,
612,1156,709,142.279505,-9.253734,1407,,2,,,1,,,1,1,1,,
613,1157,710,142.279088,-9.253554,1409,2,,1,,1,,,1,3,2,,
614,1158,711,142.278679,-9.253357,1410,,2,,,1,,,1,3,2,,
615,1161,713,142.27786,-9.252962,1414,,2,,,1,,,1,2,2,,
616,1162,714,142.27745,-9.252765,1415,,2,,,1,,,1,2,2,,
617,1164,715,142.277041,-9.252568,1417,,2,,,1,,,1,2,2,,
618,1165,716,142.276631,-9.252371,1418,2,2,,,1,,,1,2,2,,
619,1166,717,142.276219,-9.25218,1419,2,2,1,,1,,,1,2,2,,
620,1168,718,142.275799,-9.252004,1421,,2,,,1,,,1,3,2,,
621,1170,719,142.27538,-9.251828,1423,,2,,,1,,,1,3,3,,
622,1171,720,142.274961,-9.251652,1424,,2,,,1,,,1,2,3,,
623,1173,721,142.274541,-9.251477,1426,,2,,,1,,,1,3,2,,
624,1174,722,142.274122,-9.251301,1427,,2,,,1,,,1,2,2,,
625,1175,723,142.2737,-9.251136,1429,,2,,,1,,,1,3,1,,
626,1177,724,142.273248,-9.251081,1431,,2,,,1,,,1,3,2,,
627,1180,725,142.272796,-9.251026,1434,2,2,1,,1,,,1,3,2,,
628,1181,726,142.272345,-9.250971,1435,2,2,1,,1,,,1,3,2,,
629,1182,727,142.271893,-9.250916,1436,2,2,1,,1,,,1,2,1,,
630,1183,728,142.271441,-9.250861,1437,2,2,1,,1,,,1,1,1,,
631,1184,729,142.270992,-9.250795,1440,,2,,,1,,,1,2,2,,
632,1185,730,142.270548,-9.250693,1442,,2,,,1,,,1,2,2,,
633,1186,731,142.270105,-9.250591,1443,,2,,,1,,,1,2,2,,
634,1187,734,142.268777,-9.250666,1447,,2,,,1,,1,,1,2,,
635,1188,735,142.268327,-9.250599,1452,,2,,,1,,,1,2,1,,
636,1189,736,142.267877,-9.250532,1454,1,,,,1,,,1,3,1,,
637,1191,737,142.267427,-9.250465,1457,,,,,,,1,,2,2,,
638,1192,738,142.266977,-9.250398,1458,,,,,,,1,,1,2,,
639,1193,739,142.266526,-9.250342,1459,,1,,,,,1,,,1,,
640,1194,740,142.266072,-9.250365,1461,,,,,,,1,,1,,,
641,1195,742,142.265163,-9.250413,1465,,,,,,,1,,2,1,,
642,1197,743,142.264709,-9.250439,1467,,2,,,,,1,,2,1,,
643,1199,745,142.263831,-9.250679,1470,,2,,,,,1,,2,1,,
644,1200,746,142.263392,-9.250799,1472,,2,,,1,,1,,1,1,,
645,1201,747,142.262954,-9.25092,1475,,2,,,1,,1,,2,1,,
646,1202,749,142.262076,-9.25116,1478,,2,,,1,,1,,2,1,,
647,1203,751,142.261194,-9.251384,1481,,,,,,,1,,2,2,,
648,1204,752,142.260753,-9.251496,1482,,,,,,,1,,2,2,,
649,1205,754,142.259871,-9.251719,1484,,,,,,,1,,2,2,,
650,1206,755,142.259441,-9.25185,1485,1,,,,,,1,,2,2,,
651,1207,761,142.256932,-9.252841,1499,,,,,,,,1,3,1,,
652,1209,765,142.255797,-9.254048,1504,,,,,1,,1,,2,1,,
653,1210,766,142.255404,-9.254277,1505,,2,,,,,1,,2,1,,
654,1212,768,142.254741,-9.254862,1508,,,,,,,,,,,,
655,1213,776,142.253133,-9.25688,1512,,,,,,,,,2,,,
656,1214,772,142.254832,-9.256367,1513,,,,,,,,,1,,,
657,1215,779,142.25202,-9.256223,1514,,1,,,,,,,2,2,,
658,1216,781,142.251116,-9.256115,1516,,1,,,,,,,2,2,,
659,1218,786,142.248849,-9.256083,1520,,,,,,,,,2,2,,
660,1219,785,142.249302,-9.256042,1521,,,,,,,1,,3,2,,
661,1220,788,142.247948,-9.256206,1522,,,,,,,1,,3,2,,
662,1222,790,142.247071,-9.25643,1524,,,,,,,1,,2,2,,
663,1223,792,142.24622,-9.256745,1525,,,,,,,1,,,,,
664,1224,793,142.245798,-9.256877,1526,,,,,,,1,,,,,
665,1225,798,142.244864,-9.256677,1527,,,,,,,1,,,,,
666,1226,799,142.244672,-9.256274,1528,,,,,,,1,,,,,
667,1227,800,142.244268,-9.256067,1529,,,,,,1,1,,2,2,,
668,1228,804,142.244527,-9.255073,1530,,1,,,,1,1,,,,,
669,1229,801,142.243863,-9.25586,1531,,1,,,,1,1,,,,,
670,1230,807,142.244828,-9.253902,1532,,,,,,1,1,,,,,
671,1231,808,142.244564,-9.253533,1533,,,,,,1,1,,,,,
672,1233,809,142.244201,-9.253273,1535,,,,,,1,1,,,,,
673,1234,810,142.243809,-9.253043,1536,,2,,,,1,1,,,,,
674,1236,811,142.243405,-9.252888,1538,,,,,,1,1,,,,,
675,1237,813,142.24257,-9.252578,1540,,,,,,,1,,1,1,,
676,1240,814,142.242115,-9.252556,1543,,,,,,,1,,2,2,,
677,1241,815,142.24166,-9.252553,1544,,,,,,,1,,2,1,,
678,1243,818,142.240462,-9.252933,1548,,,,,,1,1,,1,1,,
679,1244,819,142.240033,-9.252784,1549,,,,,,,1,,1,,,
680,1245,820,142.239617,-9.252602,1550,,,,,,,1,,2,1,,
681,1247,821,142.239218,-9.252385,1552,,,,,,,1,,2,1,,
682,1248,822,142.23902,-9.252016,1553,,,,,,,1,,2,1,,
683,1249,823,142.238782,-9.251654,1554,,,,,,,1,,2,2,,
684,1250,824,142.23837,-9.251488,1555,,,,,,,1,,1,2,,
685,1253,826,142.237854,-9.250755,1558,,,,,,,1,,2,2,,
686,1254,827,142.237488,-9.250486,1559,,,,,,,1,,2,2,,
687,1255,828,142.237141,-9.250194,1560,,,,,,,1,,2,1,,
688,1257,829,142.236789,-9.249907,1562,,,,,,,1,,2,,,
689,1258,830,142.236428,-9.249633,1563,,,,,,,1,,2,1,,
690,1259,831,142.236038,-9.2494,1564,,1,,,,,1,,2,1,,
691,1260,832,142.235624,-9.249216,1565,,,,,,,1,,2,1,,
692,1262,834,142.234874,-9.248726,1568,,,,,,,1,,2,2,,
693,1263,835,142.234607,-9.248364,1569,,1,,,,,1,,2,2,,
694,1264,836,142.234363,-9.247982,1570,,,,,,,1,,1,2,,
695,1265,837,142.234147,-9.247585,1571,,,,,,,1,,2,1,,
696,1267,838,142.23391,-9.247213,1573,,1,,,,,1,,2,1,,
697,1268,839,142.233523,-9.246974,1574,1,,,,,,,,2,1,,
698,1269,840,142.233141,-9.246729,1575,,,,,,,,,2,2,,
699,1270,841,142.232759,-9.246502,1576,,,,,,,,,2,2,,
700,1272,843,142.232214,-9.245812,1578,,,,,,,,,2,2,,
701,1274,844,142.231926,-9.245464,1580,,2,,,,,1,,2,2,,
702,1275,845,142.231746,-9.245062,1581,,,,,,,1,,2,2,,
703,1276,846,142.23155,-9.244655,1582,,1,,,,,1,,2,2,,
704,1277,850,142.230559,-9.243141,1588,,1,,,,,1,,2,2,,
705,1278,854,142.229876,-9.241662,1592,,1,,,1,,,,3,3,,
706,1279,855,142.22969,-9.24125,1594,,1,,,1,,,,2,2,,
707,1280,858,142.229525,-9.239921,1598,,,,,1,,,1,2,2,,
708,1281,859,142.229405,-9.239486,1599,2,,2,1,1,,,1,1,1,,
709,1282,860,142.229258,-9.239059,1600,,1,,,1,,,1,1,2,,
710,1283,861,142.229098,-9.238635,1602,,1,,,1,,,1,2,1,,
711,1284,862,142.228954,-9.238207,1603,,1,,,1,,,,,1,,
712,1285,863,142.228831,-9.237772,1604,,,,,1,,,,1,1,,
713,1287,866,142.22827,-9.236536,1609,,1,,,1,,,,1,2,,
714,1288,867,142.228062,-9.236133,1610,1,,,,1,,,,1,2,,
715,1290,869,142.22772,-9.235338,1615,,,,,1,,,,2,1,,
716,1292,871,142.227254,-9.234567,1618,,,,,,,1,,,,,
717,1293,872,142.227001,-9.234192,1619,,,,,,,1,,,,,
718,1297,875,142.226229,-9.233077,1624,,,,,,,1,,1,1,,
719,1299,876,142.225955,-9.232717,1626,,,,,,,1,,2,1,,
720,1301,877,142.225644,-9.232386,1628,,,,,,,1,,,,,1
721,1302,878,142.225273,-9.232171,1629,,,,,,,1,,,,,1
722,1303,873,142.226767,-9.233806,1630,,,,,,,1,,2,1,,1